<application>
  <component name="CodeFoldingSettings">
    <option name="COLLAPSE_METHODS" value="true" />
    <option name="COLLAPSE_DOC_COMMENTS" value="true" />
  </component>
  <component name="CodeInsightSettings">
    <option name="AUTO_POPUP_JAVADOC_INFO" value="true" />
    <option name="COMPLETION_CASE_SENSITIVE" value="2" />
    <option name="SELECT_AUTOPOPUP_SUGGESTIONS_BY_CHARS" value="true" />
    <option name="AUTOCOMPLETE_ON_CODE_COMPLETION" value="false" />
    <option name="INSERT_BRACE_ON_ENTER" value="false" />
    <option name="SURROUND_SELECTION_ON_QUOTE_TYPED" value="true" />
    <option name="INDENT_TO_CARET_ON_PASTE" value="true" />
  </component>
  <component name="RiderCodeCompletionExtraSettings">
    <option name="hasNotifiedAboutCompletingWithEnter" value="true" />
    <option name="hasNotifiedAboutCompletingWithSpace" value="true" />
  </component>
</application>