<application>
  <component name="NotificationConfiguration">
    <notification groupId="V8 CPU Profiling Messages" displayType="TOOL_WINDOW" shouldLog="false" />
    <notification groupId="V8 Heap Snapshot Analysis Messages" displayType="TOOL_WINDOW" shouldLog="false" />
    <notification groupId="Vcs Important Messages" displayType="STICKY_BALLOON" shouldLog="false" />
    <notification groupId="Vcs Messages" displayType="TOOL_WINDOW" shouldLog="false" />
    <notification groupId="Vcs Notifications" shouldLog="false" />
    <notification groupId="Vcs Silent Notifications" displayType="NONE" shouldLog="false" />
  </component>
</application>