<keymap version="1" name="Sublime copy" parent="$default">
  <action id="Back">
    <mouse-shortcut keystroke="button4" />
  </action>
  <action id="ChooseRunConfiguration">
    <keyboard-shortcut first-keystroke="shift f10" />
    <keyboard-shortcut first-keystroke="shift ctrl b" />
  </action>
  <action id="CollapseSelection" />
  <action id="Console.TableResult.NextPage" />
  <action id="Console.TableResult.PreviousPage" />
  <action id="Debug">
    <keyboard-shortcut first-keystroke="shift f9" />
    <keyboard-shortcut first-keystroke="ctrl alt b" />
  </action>
  <action id="Diff.ShowSettingsPopup" />
  <action id="EditorDeleteLine">
    <keyboard-shortcut first-keystroke="ctrl y" />
    <keyboard-shortcut first-keystroke="ctrl t" />
  </action>
  <action id="EditorSplitLine" />
  <action id="EditorStartNewLine">
    <keyboard-shortcut first-keystroke="ctrl enter" />
  </action>
  <action id="EditorStartNewLineBefore">
    <keyboard-shortcut first-keystroke="shift enter" />
  </action>
  <action id="Forward">
    <mouse-shortcut keystroke="button5" />
  </action>
  <action id="GotoDeclaration">
    <mouse-shortcut keystroke="control button1" />
    <mouse-shortcut keystroke="button2" />
  </action>
  <action id="GotoImplementation">
    <mouse-shortcut keystroke="control alt button1" />
  </action>
  <action id="NextOccurence" />
  <action id="PreviousOccurence" />
  <action id="Refactorings.QuickListPopupAction">
    <keyboard-shortcut first-keystroke="shift ctrl alt t" />
    <keyboard-shortcut first-keystroke="shift alt r" />
  </action>
  <action id="RenameElement">
    <keyboard-shortcut first-keystroke="shift f6" />
    <keyboard-shortcut first-keystroke="ctrl alt r" />
  </action>
  <action id="Resume">
    <keyboard-shortcut first-keystroke="f9" />
    <keyboard-shortcut first-keystroke="ctrl alt left" />
  </action>
  <action id="Run">
    <keyboard-shortcut first-keystroke="ctrl b" />
  </action>
  <action id="RunToCursor">
    <keyboard-shortcut first-keystroke="alt f9" />
    <keyboard-shortcut first-keystroke="ctrl alt up" />
  </action>
  <action id="SelectAllOccurrences">
    <keyboard-shortcut first-keystroke="shift ctrl d" />
  </action>
  <action id="ShowSettings">
    <keyboard-shortcut first-keystroke="alt s" />
  </action>
  <action id="StepInto">
    <keyboard-shortcut first-keystroke="ctrl alt down" />
  </action>
  <action id="StepOut" />
  <action id="StepOver">
    <keyboard-shortcut first-keystroke="ctrl alt right" />
  </action>
  <action id="Stop">
    <keyboard-shortcut first-keystroke="ctrl f2" />
    <keyboard-shortcut first-keystroke="ctrl alt s" />
  </action>
  <action id="SurroundWith">
    <keyboard-shortcut first-keystroke="shift alt w" />
  </action>
  <action id="Vcs.UpdateProject" />
  <action id="tasks.close" />
</keymap>